{"cameraMode":{"drawMode":0,"name":"Shaded","section":"Shading Mode"},"sceneLighting":true,"audioPlay":false,"sceneViewState":{"m_AlwaysRefresh":false,"showFog":true,"showSkybox":true,"showFlares":true,"showImageEffects":true,"showParticleSystems":true,"showVisualEffectGraphs":true,"m_FxEnabled":true},"in2DMode":false,"pivot":{"x":-45.517452239990237,"y":-26.426036834716798,"z":184.2036590576172},"rotation":{"x":0.27831220626831057,"y":-0.5058368444442749,"z":0.17653372883796693,"w":0.7973548769950867},"size":93.53878021240235,"orthographic":true}